primary_norad,primary_name,secondary_norad,secondary_name,secondary_type,tca,miss_distance_km,relative_velocity_km_s,collision_probability,screened_at
25544,ISS (ZARYA),61747,POLYTECH UNIVERSE-4,PAYLOAD,2026-10-05 11:22:56.000000,3.430590165498162,7.397502716440098,5.564616211925257e-07,2026-10-05 10:47:15.000000
25544,ISS (ZARYA),58180,STARLINK-30806,PAYLOAD,2026-10-06 05:12:33.000000,4.032137463983088,7.9143888930673025,5.896867562473012e-08,2026-10-05 10:47:15.000000
25544,ISS (ZARYA),58180,STARLINK-30806,PAYLOAD,2026-10-06 10:37:43.000000,9.7931033771185,7.933065905387952,2.9891744809977005e-25,2026-10-05 10:47:15.000000
25544,ISS (ZARYA),58180,STARLINK-30806,PAYLOAD,2026-10-06 03:39:40.000000,10.68618525003376,7.910411236476448,3.191518768237607e-29,2026-10-05 10:47:15.000000
25544,ISS (ZARYA),61747,POLYTECH UNIVERSE-4,PAYLOAD,2026-10-05 12:09:30.000000,13.473819850566578,7.409856005376001,7.573385683241511e-44,2026-10-05 10:47:15.000000
25544,ISS (ZARYA),48298,STARLINK-2559,PAYLOAD,2026-10-06 00:01:53.000000,15.542288995604531,5.837081730213742,7.020142365371284e-57,2026-10-05 10:47:15.000000
25544,ISS (ZARYA),58180,STARLINK-30806,PAYLOAD,2026-10-06 06:45:27.000000,15.975114201121139,7.918390732100392,7.658188892568534e-60,2026-10-05 10:47:15.000000
25544,ISS (ZARYA),58322,FLOCK 4Q-9,PAYLOAD,2026-10-06 06:09:10.000000,16.2585839470337,11.895025212729024,7.943123555856172e-62,2026-10-05 10:47:15.000000
25544,ISS (ZARYA),45366,STARLINK-1262,PAYLOAD,2026-10-06 03:20:10.000000,16.390752121112946,11.669096083644543,9.182413874179732e-63,2026-10-05 10:47:15.000000
25544,ISS (ZARYA),45366,STARLINK-1262,PAYLOAD,2026-10-06 02:33:40.000000,19.694101362499328,11.68275680646161,1.1989914605311375e-88,2026-10-05 10:47:15.000000
25544,ISS (ZARYA),47397,STARLINK-2119,PAYLOAD,2026-10-06 00:00:43.000000,19.695303790599485,4.754656414276875,1.1709311535976216e-88,2026-10-05 10:47:15.000000
25544,ISS (ZARYA),61747,POLYTECH UNIVERSE-4,PAYLOAD,2026-10-05 12:55:59.000000,21.27340162152511,7.423142147414409,1.0700207262601909e-102,2026-10-05 10:47:15.000000
25544,ISS (ZARYA),58180,STARLINK-30806,PAYLOAD,2026-10-06 02:06:46.000000,22.654802038189423,7.9064572284286205,7.118164527561417e-116,2026-10-05 10:47:15.000000
25544,ISS (ZARYA),58180,STARLINK-30806,PAYLOAD,2026-10-06 09:04:50.000000,23.302789976117865,7.929120498740079,2.4306964429518136e-122,2026-10-05 10:47:15.000000
25544,ISS (ZARYA),69797,ISS OBJECT YN,PAYLOAD,2026-10-06 00:43:50.000000,24.8093661935835,0.31469703171116997,4.4247960106101595e-138,2026-10-05 10:47:15.000000
